--
-- PostgreSQL database dump
--

-- Dumped from database version 13.7
-- Dumped by pg_dump version 14.5

-- Started on 2022-12-09 15:10:31

SET statement_timeout = 0;
SET lock_timeout = 0;
SET idle_in_transaction_session_timeout = 0;
SET client_encoding = 'UTF8';
SET standard_conforming_strings = on;
SELECT pg_catalog.set_config('search_path', '', false);
SET check_function_bodies = false;
SET xmloption = content;
SET client_min_messages = warning;
SET row_security = off;

DROP DATABASE IF EXISTS apms;
--
-- TOC entry 3976 (class 1262 OID 18031)
-- Name: apms; Type: DATABASE; Schema: -; Owner: -
--

CREATE DATABASE apms WITH TEMPLATE = template0 ENCODING = 'UTF8' LOCALE = 'en_US.UTF-8';


\connect apms

SET statement_timeout = 0;
SET lock_timeout = 0;
SET idle_in_transaction_session_timeout = 0;
SET client_encoding = 'UTF8';
SET standard_conforming_strings = on;
SELECT pg_catalog.set_config('search_path', '', false);
SET check_function_bodies = false;
SET xmloption = content;
SET client_min_messages = warning;
SET row_security = off;

--
-- TOC entry 3 (class 2615 OID 2200)
-- Name: public; Type: SCHEMA; Schema: -; Owner: -
--

CREATE SCHEMA public;


--
-- TOC entry 3977 (class 0 OID 0)
-- Dependencies: 3
-- Name: SCHEMA public; Type: COMMENT; Schema: -; Owner: -
--

COMMENT ON SCHEMA public IS 'standard public schema';


SET default_tablespace = '';

SET default_table_access_method = heap;

--
-- TOC entry 205 (class 1259 OID 18339)
-- Name: Account; Type: TABLE; Schema: public; Owner: -
--

CREATE TABLE public."Account" (
    "Id" text NOT NULL,
    "Password" character varying(128) NOT NULL,
    "Salt" character varying(128) NOT NULL,
    "RoleId" integer NOT NULL,
    "CarParkId" uuid,
    "Active" boolean DEFAULT true,
    "CanEdit" boolean NOT NULL,
    "PhoneNumber" character varying(14) DEFAULT ''::character varying NOT NULL,
    "CanEditCarPark" boolean DEFAULT false NOT NULL
);


--
-- TOC entry 201 (class 1259 OID 18307)
-- Name: CarPark; Type: TABLE; Schema: public; Owner: -
--

CREATE TABLE public."CarPark" (
    "Id" uuid NOT NULL,
    "Name" text,
    "AddressNumber" character varying(50) NOT NULL,
    "Street" character varying(200) NOT NULL,
    "City" character varying(200) NOT NULL,
    "District" character varying(100) NOT NULL,
    "Ward" character varying(200) NOT NULL,
    "PhoneNumber" text,
    "Latitude" double precision NOT NULL,
    "Longitude" double precision NOT NULL,
    "ProvinceId" integer NOT NULL,
    "AvailableSlotsCount" integer NOT NULL,
    "Status" integer DEFAULT 0 NOT NULL,
    "MaxCapacity" integer DEFAULT 0 NOT NULL
);


--
-- TOC entry 208 (class 1259 OID 18373)
-- Name: Feedback; Type: TABLE; Schema: public; Owner: -
--

CREATE TABLE public."Feedback" (
    "Id" uuid NOT NULL,
    "Description" character varying(10000) NOT NULL,
    "Time" timestamp with time zone DEFAULT '2022-12-09 08:07:59.740978+00'::timestamp with time zone NOT NULL,
    "AccountId" text NOT NULL
);


--
-- TOC entry 209 (class 1259 OID 18387)
-- Name: LicensePlate; Type: TABLE; Schema: public; Owner: -
--

CREATE TABLE public."LicensePlate" (
    "PlateNumber" text NOT NULL,
    "AccountId" text NOT NULL,
    "UsageCount" integer NOT NULL
);


--
-- TOC entry 213 (class 1259 OID 18475)
-- Name: Parking; Type: TABLE; Schema: public; Owner: -
--

CREATE TABLE public."Parking" (
    "AccountId" text NOT NULL,
    "CarParkId" uuid NOT NULL,
    "UseCount" integer NOT NULL,
    "LastVisited" timestamp with time zone DEFAULT '-infinity'::timestamp with time zone NOT NULL
);


--
-- TOC entry 204 (class 1259 OID 18326)
-- Name: PriceTable; Type: TABLE; Schema: public; Owner: -
--

CREATE TABLE public."PriceTable" (
    "CarParkId" uuid NOT NULL,
    "LastModified" timestamp with time zone NOT NULL,
    "ReservationFeePercentage" numeric NOT NULL,
    "FeePerHour" numeric
);


--
-- TOC entry 207 (class 1259 OID 18360)
-- Name: PriceTableDetail; Type: TABLE; Schema: public; Owner: -
--

CREATE TABLE public."PriceTableDetail" (
    "Id" integer NOT NULL,
    "FromTime" interval NOT NULL,
    "ToTime" interval NOT NULL,
    "Fee" numeric NOT NULL,
    "CarParkId" uuid NOT NULL
);


--
-- TOC entry 206 (class 1259 OID 18358)
-- Name: PriceTableDetail_Id_seq; Type: SEQUENCE; Schema: public; Owner: -
--

ALTER TABLE public."PriceTableDetail" ALTER COLUMN "Id" ADD GENERATED BY DEFAULT AS IDENTITY (
    SEQUENCE NAME public."PriceTableDetail_Id_seq"
    START WITH 1
    INCREMENT BY 1
    NO MINVALUE
    NO MAXVALUE
    CACHE 1
);


--
-- TOC entry 203 (class 1259 OID 18318)
-- Name: Role; Type: TABLE; Schema: public; Owner: -
--

CREATE TABLE public."Role" (
    "Id" integer NOT NULL,
    "Title" text NOT NULL
);


--
-- TOC entry 202 (class 1259 OID 18316)
-- Name: Role_Id_seq; Type: SEQUENCE; Schema: public; Owner: -
--

ALTER TABLE public."Role" ALTER COLUMN "Id" ADD GENERATED BY DEFAULT AS IDENTITY (
    SEQUENCE NAME public."Role_Id_seq"
    START WITH 1
    INCREMENT BY 1
    NO MINVALUE
    NO MAXVALUE
    CACHE 1
);


--
-- TOC entry 210 (class 1259 OID 18400)
-- Name: Ticket; Type: TABLE; Schema: public; Owner: -
--

CREATE TABLE public."Ticket" (
    "Id" uuid NOT NULL,
    "StartTime" timestamp with time zone,
    "EndTime" timestamp with time zone,
    "TotalFee" numeric NOT NULL,
    "PicInUrl" character varying(256),
    "PicOutUrl" character varying(256),
    "CarParkId" uuid NOT NULL,
    "PlateNumber" text NOT NULL,
    "ReservationFee" numeric NOT NULL,
    "BookTime" timestamp with time zone,
    "ArriveTime" timestamp with time zone,
    "CancellerAccountId" text,
    "AccountId" text NOT NULL,
    "PriceTable" text,
    "Status" integer NOT NULL,
    "OverdueFee" numeric DEFAULT 0.0 NOT NULL
);


--
-- TOC entry 211 (class 1259 OID 18423)
-- Name: Transaction; Type: TABLE; Schema: public; Owner: -
--

CREATE TABLE public."Transaction" (
    "Id" uuid NOT NULL,
    "Amount" numeric NOT NULL,
    "Time" timestamp with time zone DEFAULT '2022-12-09 08:07:59.742078+00'::timestamp with time zone NOT NULL,
    "AccountId" text NOT NULL,
    "TransactionType" integer NOT NULL,
    "TicketId" uuid
);


--
-- TOC entry 212 (class 1259 OID 18437)
-- Name: UserInfo; Type: TABLE; Schema: public; Owner: -
--

CREATE TABLE public."UserInfo" (
    "Id" text NOT NULL,
    "FullName" character varying(250) NOT NULL,
    "AccountBalance" numeric NOT NULL
);


--
-- TOC entry 200 (class 1259 OID 18302)
-- Name: __EFMigrationsHistory; Type: TABLE; Schema: public; Owner: -
--

CREATE TABLE public."__EFMigrationsHistory" (
    "MigrationId" character varying(150) NOT NULL,
    "ProductVersion" character varying(32) NOT NULL
);


--
-- TOC entry 3962 (class 0 OID 18339)
-- Dependencies: 205
-- Data for Name: Account; Type: TABLE DATA; Schema: public; Owner: -
--

INSERT INTO public."Account" ("Id", "Password", "Salt", "RoleId", "CarParkId", "Active", "CanEdit", "PhoneNumber", "CanEditCarPark") VALUES ('ADM000001', 'Nq15hQAdtfoMFXb6N9Eyfx3Cq7hzbt4W6AQdvGr+03s=', 'XerxQohe8VNHaSJ4ck+mxg==', 1, NULL, true, false, '0903356123', false);
INSERT INTO public."Account" ("Id", "Password", "Salt", "RoleId", "CarParkId", "Active", "CanEdit", "PhoneNumber", "CanEditCarPark") VALUES ('CUS000001', 'Lhz5Ifa5IQhwmGH90YN+dtcwY7gGtSVOwJLeGi3SFgY=', '9fZDE8KsfgQIx1gXd/2zfg==', 4, NULL, true, false, '0932781745', false);
INSERT INTO public."Account" ("Id", "Password", "Salt", "RoleId", "CarParkId", "Active", "CanEdit", "PhoneNumber", "CanEditCarPark") VALUES ('CUS000002', 'Ux6aCpeW+tWNjDB9s8tAePmeAqLvf3agIsB7XZaRiKk=', 'Cr4bfgCha8e4gadLoNBwkg==', 4, NULL, true, false, '0949936732', false);
INSERT INTO public."Account" ("Id", "Password", "Salt", "RoleId", "CarParkId", "Active", "CanEdit", "PhoneNumber", "CanEditCarPark") VALUES ('CUS000003', 'YgbovV70s6/snA0iHVMjXkFQGaXVpynQN8jK8mfaTSg=', '1nWo8gIj8Sb07DHO2HJa+A==', 4, NULL, true, false, '0908436393', false);
INSERT INTO public."Account" ("Id", "Password", "Salt", "RoleId", "CarParkId", "Active", "CanEdit", "PhoneNumber", "CanEditCarPark") VALUES ('CUS000004', 'TaGxwC1puA8Zrom+nmxxAZ7yLivrKH6+yMluuwsr0Ec=', 'kpq0JN8LRYsqNMfxQSE3IQ==', 4, NULL, true, false, '0937632595', false);
INSERT INTO public."Account" ("Id", "Password", "Salt", "RoleId", "CarParkId", "Active", "CanEdit", "PhoneNumber", "CanEditCarPark") VALUES ('CUS000005', '6FWqLsX9Q2dMcRUDUHK68bkUYT8Kwp3AtOq8eFCj/qw=', 'xASrJsNp4ss0o+6n5WVSOQ==', 4, NULL, true, false, '0909254787', false);
INSERT INTO public."Account" ("Id", "Password", "Salt", "RoleId", "CarParkId", "Active", "CanEdit", "PhoneNumber", "CanEditCarPark") VALUES ('CUS000006', 'IG/ooJHF0I5PGP/8pAk7jYHPxpjpQ/DfoH4DpWKm5io=', 'EEvinN8+Wtqv0G07b16vyA==', 4, NULL, true, false, '0902345590', false);
INSERT INTO public."Account" ("Id", "Password", "Salt", "RoleId", "CarParkId", "Active", "CanEdit", "PhoneNumber", "CanEditCarPark") VALUES ('CUS000007', 'SaC03q2fEb2rj+CBfEQJ3Oz0QcwfPneTAHVmr4tRqIE=', 'dmNnKjVD7913gbHqTY9CZw==', 4, NULL, true, false, '0123456168', false);
INSERT INTO public."Account" ("Id", "Password", "Salt", "RoleId", "CarParkId", "Active", "CanEdit", "PhoneNumber", "CanEditCarPark") VALUES ('CUS000008', 'UD6KK6Ueob46SaXaD7XIt/F3xIgkB5JPF2vxvf07ljE=', 'CaiEdsMQZB5OhN1ydCuUFQ==', 4, NULL, true, false, '0772776677', false);
INSERT INTO public."Account" ("Id", "Password", "Salt", "RoleId", "CarParkId", "Active", "CanEdit", "PhoneNumber", "CanEditCarPark") VALUES ('CUS000009', 'O8SyDvAavadDJiRbAFUmm0T9qLXKOF1QgIcFyqc5/Cc=', 'wDarP97HJ0w7KeF/VUq0wQ==', 4, NULL, true, false, '0932852653', false);
INSERT INTO public."Account" ("Id", "Password", "Salt", "RoleId", "CarParkId", "Active", "CanEdit", "PhoneNumber", "CanEditCarPark") VALUES ('CUS000010', 'z2MV7TzpR6MSVzVJoBJnIWMZp3r2Z/d7ExMh/evkoPI=', 'Q5GiejID4cnqAQ0iJwZxZA==', 4, NULL, true, false, '0941976105', false);
INSERT INTO public."Account" ("Id", "Password", "Salt", "RoleId", "CarParkId", "Active", "CanEdit", "PhoneNumber", "CanEditCarPark") VALUES ('OWN000001', 'gM2evEql62t5usmkl5FjcNSJebQZJds3eFNMvH+lGLA=', 'W0WkbSnhSmQLOLmvN0zTjg==', 2, '5a181b77-3ff6-4686-8520-a83b06a34454', true, true, '0902879231', false);
INSERT INTO public."Account" ("Id", "Password", "Salt", "RoleId", "CarParkId", "Active", "CanEdit", "PhoneNumber", "CanEditCarPark") VALUES ('OWN000002', 'PEpQMNUhlN+iLBxU35dLq/cPpS6czxtDZQo22L+D6Cs=', 'TAtLinDJ1IAqtQzXK+rqBg==', 2, '819fb006-8468-4d70-843b-4cfa5035c24a', true, true, '0727589658', true);
INSERT INTO public."Account" ("Id", "Password", "Salt", "RoleId", "CarParkId", "Active", "CanEdit", "PhoneNumber", "CanEditCarPark") VALUES ('OWN000003', 'Jr0Y6+EdgEt6pEYgNghUBbdZHYI3AKry2eWdiB/7VjI=', 'cGlXQZc/Vr229a5yQ5gckA==', 2, '7d5f6629-0cf6-480c-a6a4-1223e5a2919f', true, true, '0902555662', true);
INSERT INTO public."Account" ("Id", "Password", "Salt", "RoleId", "CarParkId", "Active", "CanEdit", "PhoneNumber", "CanEditCarPark") VALUES ('OWN000004', 'KbzQp5ste6MwqNhj9UvyJHyreoxWaYEfi0Ij6+a5CRo=', '+u5OqNIibPK/1HiY93EzYw==', 2, 'd9fc5ad5-8346-4b51-b5e2-110d260f463a', true, true, '0125666879', true);
INSERT INTO public."Account" ("Id", "Password", "Salt", "RoleId", "CarParkId", "Active", "CanEdit", "PhoneNumber", "CanEditCarPark") VALUES ('OWN000005', 'hot2BubnU4hkBGj+LY7PTlTkozU/kKG9Qaya4I99qg0=', '0gI2FSCtrzi9z44KaILeuQ==', 2, 'bd38df3b-71f2-4419-a495-22a1eb410df2', true, true, '0903650750', true);
INSERT INTO public."Account" ("Id", "Password", "Salt", "RoleId", "CarParkId", "Active", "CanEdit", "PhoneNumber", "CanEditCarPark") VALUES ('OWN000006', 'ni/L0b1oLyy0SySuwzoS0BnhcNg8V/B6XOTFAQKl2Vs=', 'wIcUOsGbgOi4rNyvaHJ8Ng==', 2, 'f29695c9-f838-4f66-bf98-ef64e7e96aef', true, true, '0905125685', true);
INSERT INTO public."Account" ("Id", "Password", "Salt", "RoleId", "CarParkId", "Active", "CanEdit", "PhoneNumber", "CanEditCarPark") VALUES ('OWN000007', 'ainGDPN7DCGlrX8Um5yEHexvZAeEI5qqvaeWMtGKsxU=', 'l5CDbgNSLQJ57SL7JLwRNg==', 2, '6c3af684-254e-4861-a1a6-89325ee8e5bc', true, true, '0909159259', true);
INSERT INTO public."Account" ("Id", "Password", "Salt", "RoleId", "CarParkId", "Active", "CanEdit", "PhoneNumber", "CanEditCarPark") VALUES ('OWN000008', 'uOQyGToq9J7m/3mlWTaXD9XxwrIkrQmqRDadWILz6/A=', 'B2+AsIfKQ9S6pyiBegw/Rw==', 2, '4a04b950-1788-4d2b-8d62-28157757b4a1', true, true, '0372658456', true);
INSERT INTO public."Account" ("Id", "Password", "Salt", "RoleId", "CarParkId", "Active", "CanEdit", "PhoneNumber", "CanEditCarPark") VALUES ('OWN000009', '13SfDOdu8qkCLH/dPyyfu4eLhnaXcCwjKbYVosy643c=', '66iVgmzJSAg3pvEqhjM4Aw==', 2, 'f107d568-d9b0-4848-badc-bc2f872d580c', true, true, '0937546587', true);
INSERT INTO public."Account" ("Id", "Password", "Salt", "RoleId", "CarParkId", "Active", "CanEdit", "PhoneNumber", "CanEditCarPark") VALUES ('OWN000010', 'ZjRSTE9dRb5KTChjV6asl0r/L3BKWclArvg7sB3ZATw=', 'zSYHIHEpz/Mf4SmWa5L6Kw==', 2, '9a93494c-6469-4b23-a0e7-9db72cae597b', true, true, '0902357159', true);
INSERT INTO public."Account" ("Id", "Password", "Salt", "RoleId", "CarParkId", "Active", "CanEdit", "PhoneNumber", "CanEditCarPark") VALUES ('STF000001', 'begSHqgb96o3tRAoxW+mmBrl2GDJwuoAFY9LvQSADYU=', '5jMzgbNH2gW1tkkmzyZFig==', 3, '5a181b77-3ff6-4686-8520-a83b06a34454', true, false, '0377162315', false);
INSERT INTO public."Account" ("Id", "Password", "Salt", "RoleId", "CarParkId", "Active", "CanEdit", "PhoneNumber", "CanEditCarPark") VALUES ('STF000002', 'K3yar/9OSWWdmcjD/yyb1h54klNr8kBy3RzQmSd64qs=', 'Q9fLJ8O39VH1/bJMcIFnXg==', 3, '819fb006-8468-4d70-843b-4cfa5035c24a', true, false, '0909578951', false);
INSERT INTO public."Account" ("Id", "Password", "Salt", "RoleId", "CarParkId", "Active", "CanEdit", "PhoneNumber", "CanEditCarPark") VALUES ('STF000003', 'yqOMGostIIlQoaR9meRRM2RWDV3Zv6FSoatbCRJRAiY=', 'EZBufP8mt0MV/XkDxI8Ldg==', 3, '7d5f6629-0cf6-480c-a6a4-1223e5a2919f', true, false, '0902348750', false);
INSERT INTO public."Account" ("Id", "Password", "Salt", "RoleId", "CarParkId", "Active", "CanEdit", "PhoneNumber", "CanEditCarPark") VALUES ('STF000004', 'jh+5V3Q52tgf1L4NFZs96MTF3+P28Rtl8JdL3ZtGunM=', 'I0P1dLeMIeu3G+GFeAYT8A==', 3, 'd9fc5ad5-8346-4b51-b5e2-110d260f463a', true, false, '0902595590', false);
INSERT INTO public."Account" ("Id", "Password", "Salt", "RoleId", "CarParkId", "Active", "CanEdit", "PhoneNumber", "CanEditCarPark") VALUES ('STF000005', 'j0FKzv1HmJw+5JWO71M4x2Cj6ghfL4Erpk/tOB6/k+M=', '7C3eUMExiWkVpFuxUYiEug==', 3, 'bd38df3b-71f2-4419-a495-22a1eb410df2', true, false, '0906546873', false);
INSERT INTO public."Account" ("Id", "Password", "Salt", "RoleId", "CarParkId", "Active", "CanEdit", "PhoneNumber", "CanEditCarPark") VALUES ('STF000006', 'Idk9RCl/pUfU5u+WHjOs5jHr26EQ9p/W5nn6ca9Ya8k=', 'pCpfZRFeqYeHyNLLji9k4w==', 3, 'f29695c9-f838-4f66-bf98-ef64e7e96aef', true, false, '0967678123', false);
INSERT INTO public."Account" ("Id", "Password", "Salt", "RoleId", "CarParkId", "Active", "CanEdit", "PhoneNumber", "CanEditCarPark") VALUES ('STF000007', 'awUAv9LDYvvLlRta1kRsOgb66mWbF7lW/2brfB3jwpU=', 'eu8WOODe3jM4ezwSMvDbSA==', 3, '6c3af684-254e-4861-a1a6-89325ee8e5bc', true, false, '0965666235', false);
INSERT INTO public."Account" ("Id", "Password", "Salt", "RoleId", "CarParkId", "Active", "CanEdit", "PhoneNumber", "CanEditCarPark") VALUES ('STF000008', '+DkMtlw0eH8KppevAMudf5OVFBV4BwPEIeMInfO5Zmk=', 'sFv+3JQUClud8S9nF0TRcg==', 3, '4a04b950-1788-4d2b-8d62-28157757b4a1', true, false, '0677123951', false);
INSERT INTO public."Account" ("Id", "Password", "Salt", "RoleId", "CarParkId", "Active", "CanEdit", "PhoneNumber", "CanEditCarPark") VALUES ('STF000009', 'XoS0X6tTusIogM6ukgY+DaSiITtBb7dHQnAWCNlcdZo=', 'VKKSe9Ks+rnmwU5UmzGpbw==', 3, 'f107d568-d9b0-4848-badc-bc2f872d580c', true, false, '0909654875', false);
INSERT INTO public."Account" ("Id", "Password", "Salt", "RoleId", "CarParkId", "Active", "CanEdit", "PhoneNumber", "CanEditCarPark") VALUES ('STF000010', '3Hek+e6/E4rpjxkSzH3IkhGfm1Zi95k5Mvh3uWZjbXI=', 'tsf8+kno81Eg9A9iR3Y0/g==', 3, '9a93494c-6469-4b23-a0e7-9db72cae597b', true, false, '0222678678', false);


--
-- TOC entry 3958 (class 0 OID 18307)
-- Dependencies: 201
-- Data for Name: CarPark; Type: TABLE DATA; Schema: public; Owner: -
--

INSERT INTO public."CarPark" ("Id", "Name", "AddressNumber", "Street", "City", "District", "Ward", "PhoneNumber", "Latitude", "Longitude", "ProvinceId", "AvailableSlotsCount", "Status", "MaxCapacity") VALUES ('4a04b950-1788-4d2b-8d62-28157757b4a1', 'Trường Đại học Công nghệ Sài Gòn', '180', 'Cao Lỗ', 'Thành phố Hồ Chí Minh', 'Quận 8', 'Phường 4', '02838505520', 10.73903, 106.67778, 79, 1200, 0, 1200);
INSERT INTO public."CarPark" ("Id", "Name", "AddressNumber", "Street", "City", "District", "Ward", "PhoneNumber", "Latitude", "Longitude", "ProvinceId", "AvailableSlotsCount", "Status", "MaxCapacity") VALUES ('5a181b77-3ff6-4686-8520-a83b06a34454', 'Bãi đậu xe 25 Quách Giai', '25', 'Quách Giai', 'Thành phố Hồ Chí Minh', 'Thành phố Thủ Đức', 'Thạnh Mỹ Lợi', '0975033288', 10.76534, 106.75936, 79, 200, 0, 200);
INSERT INTO public."CarPark" ("Id", "Name", "AddressNumber", "Street", "City", "District", "Ward", "PhoneNumber", "Latitude", "Longitude", "ProvinceId", "AvailableSlotsCount", "Status", "MaxCapacity") VALUES ('6c3af684-254e-4861-a1a6-89325ee8e5bc', 'Công viên Văn hóa Đầm Sen', '262', 'Lạc Long Quân', 'Thành phố Hồ Chí Minh', 'Quận 11', 'Phường 5', '02839634963', 10.79702, 106.64274, 79, 2000, 0, 2000);
INSERT INTO public."CarPark" ("Id", "Name", "AddressNumber", "Street", "City", "District", "Ward", "PhoneNumber", "Latitude", "Longitude", "ProvinceId", "AvailableSlotsCount", "Status", "MaxCapacity") VALUES ('7d5f6629-0cf6-480c-a6a4-1223e5a2919f', 'AEON MALL Tân Phú Celadon', '30', 'Bờ Bao Tân Thắng', 'Thành phố Hồ Chí Minh', 'Tân Phú', 'Sơn Kỳ', '02862887733', 10.80126, 106.61837, 79, 200, 0, 200);
INSERT INTO public."CarPark" ("Id", "Name", "AddressNumber", "Street", "City", "District", "Ward", "PhoneNumber", "Latitude", "Longitude", "ProvinceId", "AvailableSlotsCount", "Status", "MaxCapacity") VALUES ('819fb006-8468-4d70-843b-4cfa5035c24a', 'Đại học Kinh tế TP.HCM (UEH)', '59C', 'Nguyễn Đình Chiểu', 'Thành phố Hồ Chí Minh', 'Quận 3', 'Phường 6', '02838295299', 10.78313, 106.69474, 79, 200, 0, 200);
INSERT INTO public."CarPark" ("Id", "Name", "AddressNumber", "Street", "City", "District", "Ward", "PhoneNumber", "Latitude", "Longitude", "ProvinceId", "AvailableSlotsCount", "Status", "MaxCapacity") VALUES ('9a93494c-6469-4b23-a0e7-9db72cae597b', 'Đại học FPT TP.HCM', 'Lô E2a-7', 'D1', 'Thành phố Hồ Chí Minh', 'Thành phố Thủ Đức', 'Long Thạnh Mỹ', '02873005588', 10.84135, 106.81103, 79, 600, 0, 600);
INSERT INTO public."CarPark" ("Id", "Name", "AddressNumber", "Street", "City", "District", "Ward", "PhoneNumber", "Latitude", "Longitude", "ProvinceId", "AvailableSlotsCount", "Status", "MaxCapacity") VALUES ('bd38df3b-71f2-4419-a495-22a1eb410df2', 'SC VivoCity', '1058', 'Nguyễn Văn Linh', 'Thành phố Hồ Chí Minh', 'Quận 7', 'Tân Phong', '02837791018', 10.73138, 106.70439, 79, 600, 0, 600);
INSERT INTO public."CarPark" ("Id", "Name", "AddressNumber", "Street", "City", "District", "Ward", "PhoneNumber", "Latitude", "Longitude", "ProvinceId", "AvailableSlotsCount", "Status", "MaxCapacity") VALUES ('d9fc5ad5-8346-4b51-b5e2-110d260f463a', 'Crescent Mall', '101', 'Tôn Dật Tiên', 'Thành phố Hồ Chí Minh', 'Quận 7', 'Tân Phú', '02854133333', 10.7291, 106.7195, 79, 600, 0, 600);
INSERT INTO public."CarPark" ("Id", "Name", "AddressNumber", "Street", "City", "District", "Ward", "PhoneNumber", "Latitude", "Longitude", "ProvinceId", "AvailableSlotsCount", "Status", "MaxCapacity") VALUES ('f107d568-d9b0-4848-badc-bc2f872d580c', 'AEON MALL Bình Tân', '1', '17A', 'Thành phố Hồ Chí Minh', 'Bình Tân', 'Bình Trị Đông B', '01900636922', 10.74292, 106.61296, 79, 3000, 0, 3000);
INSERT INTO public."CarPark" ("Id", "Name", "AddressNumber", "Street", "City", "District", "Ward", "PhoneNumber", "Latitude", "Longitude", "ProvinceId", "AvailableSlotsCount", "Status", "MaxCapacity") VALUES ('f29695c9-f838-4f66-bf98-ef64e7e96aef', 'Bệnh viện Đại học Y Dược TP.HCM', '215', 'Hồng Bàng', 'Thành phố Hồ Chí Minh', 'Quận 5', 'Phường 11', '02838554269', 10.756, 106.6669, 79, 600, 0, 600);
INSERT INTO public."CarPark" ("Id", "Name", "AddressNumber", "Street", "City", "District", "Ward", "PhoneNumber", "Latitude", "Longitude", "ProvinceId", "AvailableSlotsCount", "Status", "MaxCapacity") VALUES ('de075256-acf9-4679-8e8d-d60ab9cde12e', 'City Tower Bình Dương', '333', 'Đại lộ Bình Dương', 'Bình Dương', 'Thuận An', '', '0915592179', 10.94816, 106.70626, 74, 3000, -1, 3000);


--
-- TOC entry 3965 (class 0 OID 18373)
-- Dependencies: 208
-- Data for Name: Feedback; Type: TABLE DATA; Schema: public; Owner: -
--



--
-- TOC entry 3966 (class 0 OID 18387)
-- Dependencies: 209
-- Data for Name: LicensePlate; Type: TABLE DATA; Schema: public; Owner: -
--



--
-- TOC entry 3970 (class 0 OID 18475)
-- Dependencies: 213
-- Data for Name: Parking; Type: TABLE DATA; Schema: public; Owner: -
--

INSERT INTO public."Parking" ("AccountId", "CarParkId", "UseCount", "LastVisited") VALUES ('CUS000001', '4a04b950-1788-4d2b-8d62-28157757b4a1', 60, '2022-11-20 00:28:51+00');
INSERT INTO public."Parking" ("AccountId", "CarParkId", "UseCount", "LastVisited") VALUES ('CUS000001', '6c3af684-254e-4861-a1a6-89325ee8e5bc', 25, '2022-11-20 05:27:16+00');
INSERT INTO public."Parking" ("AccountId", "CarParkId", "UseCount", "LastVisited") VALUES ('CUS000001', '9a93494c-6469-4b23-a0e7-9db72cae597b', 100, '2022-11-11 12:35:25+00');
INSERT INTO public."Parking" ("AccountId", "CarParkId", "UseCount", "LastVisited") VALUES ('CUS000001', 'f29695c9-f838-4f66-bf98-ef64e7e96aef', 1, '2022-11-21 01:48:27+00');
INSERT INTO public."Parking" ("AccountId", "CarParkId", "UseCount", "LastVisited") VALUES ('CUS000003', '4a04b950-1788-4d2b-8d62-28157757b4a1', 60, '2022-11-20 05:27:16+00');
INSERT INTO public."Parking" ("AccountId", "CarParkId", "UseCount", "LastVisited") VALUES ('CUS000003', '6c3af684-254e-4861-a1a6-89325ee8e5bc', 25, '2022-11-20 00:28:51+00');
INSERT INTO public."Parking" ("AccountId", "CarParkId", "UseCount", "LastVisited") VALUES ('CUS000003', '9a93494c-6469-4b23-a0e7-9db72cae597b', 100, '2022-11-20 05:27:16+00');
INSERT INTO public."Parking" ("AccountId", "CarParkId", "UseCount", "LastVisited") VALUES ('CUS000003', 'f29695c9-f838-4f66-bf98-ef64e7e96aef', 1, '2022-11-23 07:35:25+00');


--
-- TOC entry 3961 (class 0 OID 18326)
-- Dependencies: 204
-- Data for Name: PriceTable; Type: TABLE DATA; Schema: public; Owner: -
--

INSERT INTO public."PriceTable" ("CarParkId", "LastModified", "ReservationFeePercentage", "FeePerHour") VALUES ('4a04b950-1788-4d2b-8d62-28157757b4a1', '2022-12-09 08:07:59.742493+00', 30.0, NULL);
INSERT INTO public."PriceTable" ("CarParkId", "LastModified", "ReservationFeePercentage", "FeePerHour") VALUES ('5a181b77-3ff6-4686-8520-a83b06a34454', '2022-12-09 08:07:59.742492+00', 30.0, NULL);
INSERT INTO public."PriceTable" ("CarParkId", "LastModified", "ReservationFeePercentage", "FeePerHour") VALUES ('6c3af684-254e-4861-a1a6-89325ee8e5bc', '2022-12-09 08:07:59.742493+00', 50.0, NULL);
INSERT INTO public."PriceTable" ("CarParkId", "LastModified", "ReservationFeePercentage", "FeePerHour") VALUES ('7d5f6629-0cf6-480c-a6a4-1223e5a2919f', '2022-12-09 08:07:59.742493+00', 30.0, NULL);
INSERT INTO public."PriceTable" ("CarParkId", "LastModified", "ReservationFeePercentage", "FeePerHour") VALUES ('819fb006-8468-4d70-843b-4cfa5035c24a', '2022-12-09 08:07:59.742493+00', 50.0, NULL);
INSERT INTO public."PriceTable" ("CarParkId", "LastModified", "ReservationFeePercentage", "FeePerHour") VALUES ('9a93494c-6469-4b23-a0e7-9db72cae597b', '2022-12-09 08:07:59.742493+00', 20.0, NULL);
INSERT INTO public."PriceTable" ("CarParkId", "LastModified", "ReservationFeePercentage", "FeePerHour") VALUES ('bd38df3b-71f2-4419-a495-22a1eb410df2', '2022-12-09 08:07:59.742493+00', 10.0, NULL);
INSERT INTO public."PriceTable" ("CarParkId", "LastModified", "ReservationFeePercentage", "FeePerHour") VALUES ('d9fc5ad5-8346-4b51-b5e2-110d260f463a', '2022-12-09 08:07:59.742493+00', 20.0, NULL);
INSERT INTO public."PriceTable" ("CarParkId", "LastModified", "ReservationFeePercentage", "FeePerHour") VALUES ('f107d568-d9b0-4848-badc-bc2f872d580c', '2022-12-09 08:07:59.742493+00', 10.0, NULL);
INSERT INTO public."PriceTable" ("CarParkId", "LastModified", "ReservationFeePercentage", "FeePerHour") VALUES ('f29695c9-f838-4f66-bf98-ef64e7e96aef', '2022-12-09 08:07:59.742493+00', 5.0, NULL);


--
-- TOC entry 3964 (class 0 OID 18360)
-- Dependencies: 207
-- Data for Name: PriceTableDetail; Type: TABLE DATA; Schema: public; Owner: -
--

INSERT INTO public."PriceTableDetail" ("Id", "FromTime", "ToTime", "Fee", "CarParkId") VALUES (1, '06:00:00', '17:59:00', 30000.0, '5a181b77-3ff6-4686-8520-a83b06a34454');
INSERT INTO public."PriceTableDetail" ("Id", "FromTime", "ToTime", "Fee", "CarParkId") VALUES (2, '18:00:00', '05:59:00', 35000.0, '5a181b77-3ff6-4686-8520-a83b06a34454');
INSERT INTO public."PriceTableDetail" ("Id", "FromTime", "ToTime", "Fee", "CarParkId") VALUES (3, '06:00:00', '17:59:00', 35000.0, '819fb006-8468-4d70-843b-4cfa5035c24a');
INSERT INTO public."PriceTableDetail" ("Id", "FromTime", "ToTime", "Fee", "CarParkId") VALUES (4, '18:00:00', '05:59:00', 60000.0, '819fb006-8468-4d70-843b-4cfa5035c24a');
INSERT INTO public."PriceTableDetail" ("Id", "FromTime", "ToTime", "Fee", "CarParkId") VALUES (5, '06:00:00', '17:59:00', 25000.0, '7d5f6629-0cf6-480c-a6a4-1223e5a2919f');
INSERT INTO public."PriceTableDetail" ("Id", "FromTime", "ToTime", "Fee", "CarParkId") VALUES (6, '18:00:00', '05:59:00', 35000.0, '7d5f6629-0cf6-480c-a6a4-1223e5a2919f');
INSERT INTO public."PriceTableDetail" ("Id", "FromTime", "ToTime", "Fee", "CarParkId") VALUES (7, '06:00:00', '17:59:00', 30000.0, 'd9fc5ad5-8346-4b51-b5e2-110d260f463a');
INSERT INTO public."PriceTableDetail" ("Id", "FromTime", "ToTime", "Fee", "CarParkId") VALUES (8, '18:00:00', '23:59:00', 50000.0, 'd9fc5ad5-8346-4b51-b5e2-110d260f463a');
INSERT INTO public."PriceTableDetail" ("Id", "FromTime", "ToTime", "Fee", "CarParkId") VALUES (9, '00:00:00', '05:59:00', 60000.0, 'd9fc5ad5-8346-4b51-b5e2-110d260f463a');
INSERT INTO public."PriceTableDetail" ("Id", "FromTime", "ToTime", "Fee", "CarParkId") VALUES (10, '06:00:00', '17:59:00', 30000.0, 'bd38df3b-71f2-4419-a495-22a1eb410df2');
INSERT INTO public."PriceTableDetail" ("Id", "FromTime", "ToTime", "Fee", "CarParkId") VALUES (11, '18:00:00', '05:59:00', 35000.0, 'bd38df3b-71f2-4419-a495-22a1eb410df2');
INSERT INTO public."PriceTableDetail" ("Id", "FromTime", "ToTime", "Fee", "CarParkId") VALUES (12, '06:00:00', '17:59:00', 12000.0, 'f29695c9-f838-4f66-bf98-ef64e7e96aef');
INSERT INTO public."PriceTableDetail" ("Id", "FromTime", "ToTime", "Fee", "CarParkId") VALUES (13, '18:00:00', '05:59:00', 20000.0, 'f29695c9-f838-4f66-bf98-ef64e7e96aef');
INSERT INTO public."PriceTableDetail" ("Id", "FromTime", "ToTime", "Fee", "CarParkId") VALUES (14, '06:00:00', '17:59:00', 20000.0, '6c3af684-254e-4861-a1a6-89325ee8e5bc');
INSERT INTO public."PriceTableDetail" ("Id", "FromTime", "ToTime", "Fee", "CarParkId") VALUES (15, '18:00:00', '05:59:00', 40000.0, '6c3af684-254e-4861-a1a6-89325ee8e5bc');
INSERT INTO public."PriceTableDetail" ("Id", "FromTime", "ToTime", "Fee", "CarParkId") VALUES (16, '06:00:00', '17:59:00', 30000.0, '4a04b950-1788-4d2b-8d62-28157757b4a1');
INSERT INTO public."PriceTableDetail" ("Id", "FromTime", "ToTime", "Fee", "CarParkId") VALUES (17, '18:00:00', '05:59:00', 35000.0, '4a04b950-1788-4d2b-8d62-28157757b4a1');
INSERT INTO public."PriceTableDetail" ("Id", "FromTime", "ToTime", "Fee", "CarParkId") VALUES (18, '06:00:00', '17:59:00', 50000.0, 'f107d568-d9b0-4848-badc-bc2f872d580c');
INSERT INTO public."PriceTableDetail" ("Id", "FromTime", "ToTime", "Fee", "CarParkId") VALUES (19, '18:00:00', '05:59:00', 60000.0, 'f107d568-d9b0-4848-badc-bc2f872d580c');
INSERT INTO public."PriceTableDetail" ("Id", "FromTime", "ToTime", "Fee", "CarParkId") VALUES (20, '06:00:00', '05:59:00', 30000.0, '9a93494c-6469-4b23-a0e7-9db72cae597b');


--
-- TOC entry 3960 (class 0 OID 18318)
-- Dependencies: 203
-- Data for Name: Role; Type: TABLE DATA; Schema: public; Owner: -
--

INSERT INTO public."Role" ("Id", "Title") VALUES (1, 'Admin');
INSERT INTO public."Role" ("Id", "Title") VALUES (2, 'Owner');
INSERT INTO public."Role" ("Id", "Title") VALUES (3, 'Staff');
INSERT INTO public."Role" ("Id", "Title") VALUES (4, 'Customer');


--
-- TOC entry 3967 (class 0 OID 18400)
-- Dependencies: 210
-- Data for Name: Ticket; Type: TABLE DATA; Schema: public; Owner: -
--



--
-- TOC entry 3968 (class 0 OID 18423)
-- Dependencies: 211
-- Data for Name: Transaction; Type: TABLE DATA; Schema: public; Owner: -
--



--
-- TOC entry 3969 (class 0 OID 18437)
-- Dependencies: 212
-- Data for Name: UserInfo; Type: TABLE DATA; Schema: public; Owner: -
--

INSERT INTO public."UserInfo" ("Id", "FullName", "AccountBalance") VALUES ('CUS000001', 'Ho Huu Phat', 1000000.0);
INSERT INTO public."UserInfo" ("Id", "FullName", "AccountBalance") VALUES ('CUS000002', 'Khuc Ngoc Thai', 500000.0);
INSERT INTO public."UserInfo" ("Id", "FullName", "AccountBalance") VALUES ('CUS000003', 'Tăng Chí Cường', 500000.0);
INSERT INTO public."UserInfo" ("Id", "FullName", "AccountBalance") VALUES ('CUS000004', 'Huỳnh Mẫn Huy', 500000.0);
INSERT INTO public."UserInfo" ("Id", "FullName", "AccountBalance") VALUES ('CUS000005', 'Châu Vĩnh Cơ', 500000.0);
INSERT INTO public."UserInfo" ("Id", "FullName", "AccountBalance") VALUES ('CUS000006', 'Triệu Văn Vĩnh', 500000.0);
INSERT INTO public."UserInfo" ("Id", "FullName", "AccountBalance") VALUES ('CUS000007', 'Lê Xuân Mai', 500000.0);
INSERT INTO public."UserInfo" ("Id", "FullName", "AccountBalance") VALUES ('CUS000008', 'Nguyễn Thị Ánh Nguyệt', 500000.0);
INSERT INTO public."UserInfo" ("Id", "FullName", "AccountBalance") VALUES ('CUS000009', 'Hồ Võ Kim Ngân', 500000.0);
INSERT INTO public."UserInfo" ("Id", "FullName", "AccountBalance") VALUES ('CUS000010', 'Lương Vệ Thành', 500000.0);


--
-- TOC entry 3957 (class 0 OID 18302)
-- Dependencies: 200
-- Data for Name: __EFMigrationsHistory; Type: TABLE DATA; Schema: public; Owner: -
--

INSERT INTO public."__EFMigrationsHistory" ("MigrationId", "ProductVersion") VALUES ('20221117070620_ChangeUserIDAndMovePhoneNumberToUserInfo', '6.0.7');
INSERT INTO public."__EFMigrationsHistory" ("MigrationId", "ProductVersion") VALUES ('20221117145434_ChangeAccountIdToCapital', '6.0.7');
INSERT INTO public."__EFMigrationsHistory" ("MigrationId", "ProductVersion") VALUES ('20221121054452_CorrectUserInfo', '6.0.7');
INSERT INTO public."__EFMigrationsHistory" ("MigrationId", "ProductVersion") VALUES ('20221121120433_SeedCarPark', '6.0.7');
INSERT INTO public."__EFMigrationsHistory" ("MigrationId", "ProductVersion") VALUES ('20221121120645_FixSeedCarPark', '6.0.7');
INSERT INTO public."__EFMigrationsHistory" ("MigrationId", "ProductVersion") VALUES ('20221122071530_MovePhoneNumberToAccount', '6.0.7');
INSERT INTO public."__EFMigrationsHistory" ("MigrationId", "ProductVersion") VALUES ('20221122073517_ParkingCount', '6.0.7');
INSERT INTO public."__EFMigrationsHistory" ("MigrationId", "ProductVersion") VALUES ('20221122085137_SeedPriceTable', '6.0.7');
INSERT INTO public."__EFMigrationsHistory" ("MigrationId", "ProductVersion") VALUES ('20221122110702_SeedMoreCustomer', '6.0.7');
INSERT INTO public."__EFMigrationsHistory" ("MigrationId", "ProductVersion") VALUES ('20221122113358_SetPhoneNumberRequired', '6.0.7');
INSERT INTO public."__EFMigrationsHistory" ("MigrationId", "ProductVersion") VALUES ('20221122131215_SeedUserInfo', '6.0.7');
INSERT INTO public."__EFMigrationsHistory" ("MigrationId", "ProductVersion") VALUES ('20221123074045_AddFeePerHourInPriceTable', '6.0.7');
INSERT INTO public."__EFMigrationsHistory" ("MigrationId", "ProductVersion") VALUES ('20221123085955_LastVisitedInParking', '6.0.7');
INSERT INTO public."__EFMigrationsHistory" ("MigrationId", "ProductVersion") VALUES ('20221124163413_AddMaxCapacityInCarPark', '6.0.7');
INSERT INTO public."__EFMigrationsHistory" ("MigrationId", "ProductVersion") VALUES ('20221124165754_OwnerCanEditTrue', '6.0.7');
INSERT INTO public."__EFMigrationsHistory" ("MigrationId", "ProductVersion") VALUES ('20221130084146_ConnectTicketAndTransaction', '6.0.7');
INSERT INTO public."__EFMigrationsHistory" ("MigrationId", "ProductVersion") VALUES ('20221130084525_RemoveSuccessFromTransaction', '6.0.7');
INSERT INTO public."__EFMigrationsHistory" ("MigrationId", "ProductVersion") VALUES ('20221202151637_AddOverDueFeeToTicket', '6.0.7');
INSERT INTO public."__EFMigrationsHistory" ("MigrationId", "ProductVersion") VALUES ('20221204062120_AddCanEditCarParkIntoAccount', '6.0.7');
INSERT INTO public."__EFMigrationsHistory" ("MigrationId", "ProductVersion") VALUES ('20221207183810_SeedMoreCustomers', '6.0.7');
INSERT INTO public."__EFMigrationsHistory" ("MigrationId", "ProductVersion") VALUES ('20221208164048_SeedAccount', '6.0.7');
INSERT INTO public."__EFMigrationsHistory" ("MigrationId", "ProductVersion") VALUES ('20221209080800_ChangePasswordSeed', '6.0.7');


--
-- TOC entry 3978 (class 0 OID 0)
-- Dependencies: 206
-- Name: PriceTableDetail_Id_seq; Type: SEQUENCE SET; Schema: public; Owner: -
--

SELECT pg_catalog.setval('public."PriceTableDetail_Id_seq"', 21, false);


--
-- TOC entry 3979 (class 0 OID 0)
-- Dependencies: 202
-- Name: Role_Id_seq; Type: SEQUENCE SET; Schema: public; Owner: -
--

SELECT pg_catalog.setval('public."Role_Id_seq"', 5, false);


--
-- TOC entry 3788 (class 2606 OID 18347)
-- Name: Account PK_Account; Type: CONSTRAINT; Schema: public; Owner: -
--

ALTER TABLE ONLY public."Account"
    ADD CONSTRAINT "PK_Account" PRIMARY KEY ("Id");


--
-- TOC entry 3778 (class 2606 OID 18315)
-- Name: CarPark PK_CarPark; Type: CONSTRAINT; Schema: public; Owner: -
--

ALTER TABLE ONLY public."CarPark"
    ADD CONSTRAINT "PK_CarPark" PRIMARY KEY ("Id");


--
-- TOC entry 3794 (class 2606 OID 18381)
-- Name: Feedback PK_Feedback; Type: CONSTRAINT; Schema: public; Owner: -
--

ALTER TABLE ONLY public."Feedback"
    ADD CONSTRAINT "PK_Feedback" PRIMARY KEY ("Id");


--
-- TOC entry 3797 (class 2606 OID 18394)
-- Name: LicensePlate PK_LicensePlate; Type: CONSTRAINT; Schema: public; Owner: -
--

ALTER TABLE ONLY public."LicensePlate"
    ADD CONSTRAINT "PK_LicensePlate" PRIMARY KEY ("PlateNumber", "AccountId");


--
-- TOC entry 3812 (class 2606 OID 18482)
-- Name: Parking PK_Parking; Type: CONSTRAINT; Schema: public; Owner: -
--

ALTER TABLE ONLY public."Parking"
    ADD CONSTRAINT "PK_Parking" PRIMARY KEY ("AccountId", "CarParkId");


--
-- TOC entry 3783 (class 2606 OID 18333)
-- Name: PriceTable PK_PriceTable; Type: CONSTRAINT; Schema: public; Owner: -
--

ALTER TABLE ONLY public."PriceTable"
    ADD CONSTRAINT "PK_PriceTable" PRIMARY KEY ("CarParkId");


--
-- TOC entry 3791 (class 2606 OID 18367)
-- Name: PriceTableDetail PK_PriceTableDetail; Type: CONSTRAINT; Schema: public; Owner: -
--

ALTER TABLE ONLY public."PriceTableDetail"
    ADD CONSTRAINT "PK_PriceTableDetail" PRIMARY KEY ("Id");


--
-- TOC entry 3781 (class 2606 OID 18325)
-- Name: Role PK_Role; Type: CONSTRAINT; Schema: public; Owner: -
--

ALTER TABLE ONLY public."Role"
    ADD CONSTRAINT "PK_Role" PRIMARY KEY ("Id");


--
-- TOC entry 3803 (class 2606 OID 18407)
-- Name: Ticket PK_Ticket; Type: CONSTRAINT; Schema: public; Owner: -
--

ALTER TABLE ONLY public."Ticket"
    ADD CONSTRAINT "PK_Ticket" PRIMARY KEY ("Id");


--
-- TOC entry 3807 (class 2606 OID 18431)
-- Name: Transaction PK_Transaction; Type: CONSTRAINT; Schema: public; Owner: -
--

ALTER TABLE ONLY public."Transaction"
    ADD CONSTRAINT "PK_Transaction" PRIMARY KEY ("Id");


--
-- TOC entry 3809 (class 2606 OID 18444)
-- Name: UserInfo PK_UserInfo; Type: CONSTRAINT; Schema: public; Owner: -
--

ALTER TABLE ONLY public."UserInfo"
    ADD CONSTRAINT "PK_UserInfo" PRIMARY KEY ("Id");


--
-- TOC entry 3776 (class 2606 OID 18306)
-- Name: __EFMigrationsHistory PK___EFMigrationsHistory; Type: CONSTRAINT; Schema: public; Owner: -
--

ALTER TABLE ONLY public."__EFMigrationsHistory"
    ADD CONSTRAINT "PK___EFMigrationsHistory" PRIMARY KEY ("MigrationId");


--
-- TOC entry 3784 (class 1259 OID 18450)
-- Name: IX_Account_CarParkId; Type: INDEX; Schema: public; Owner: -
--

CREATE INDEX "IX_Account_CarParkId" ON public."Account" USING btree ("CarParkId");


--
-- TOC entry 3785 (class 1259 OID 18451)
-- Name: IX_Account_RoleId; Type: INDEX; Schema: public; Owner: -
--

CREATE INDEX "IX_Account_RoleId" ON public."Account" USING btree ("RoleId");


--
-- TOC entry 3786 (class 1259 OID 18452)
-- Name: IX_Account_Salt; Type: INDEX; Schema: public; Owner: -
--

CREATE UNIQUE INDEX "IX_Account_Salt" ON public."Account" USING btree ("Salt");


--
-- TOC entry 3792 (class 1259 OID 18453)
-- Name: IX_Feedback_AccountId; Type: INDEX; Schema: public; Owner: -
--

CREATE INDEX "IX_Feedback_AccountId" ON public."Feedback" USING btree ("AccountId");


--
-- TOC entry 3795 (class 1259 OID 18454)
-- Name: IX_LicensePlate_AccountId; Type: INDEX; Schema: public; Owner: -
--

CREATE INDEX "IX_LicensePlate_AccountId" ON public."LicensePlate" USING btree ("AccountId");


--
-- TOC entry 3810 (class 1259 OID 18493)
-- Name: IX_Parking_CarParkId; Type: INDEX; Schema: public; Owner: -
--

CREATE INDEX "IX_Parking_CarParkId" ON public."Parking" USING btree ("CarParkId");


--
-- TOC entry 3789 (class 1259 OID 18455)
-- Name: IX_PriceTableDetail_CarParkId; Type: INDEX; Schema: public; Owner: -
--

CREATE INDEX "IX_PriceTableDetail_CarParkId" ON public."PriceTableDetail" USING btree ("CarParkId");


--
-- TOC entry 3779 (class 1259 OID 18456)
-- Name: IX_Role_Title; Type: INDEX; Schema: public; Owner: -
--

CREATE UNIQUE INDEX "IX_Role_Title" ON public."Role" USING btree ("Title");


--
-- TOC entry 3798 (class 1259 OID 18457)
-- Name: IX_Ticket_AccountId; Type: INDEX; Schema: public; Owner: -
--

CREATE INDEX "IX_Ticket_AccountId" ON public."Ticket" USING btree ("AccountId");


--
-- TOC entry 3799 (class 1259 OID 18458)
-- Name: IX_Ticket_CancellerAccountId; Type: INDEX; Schema: public; Owner: -
--

CREATE INDEX "IX_Ticket_CancellerAccountId" ON public."Ticket" USING btree ("CancellerAccountId");


--
-- TOC entry 3800 (class 1259 OID 18459)
-- Name: IX_Ticket_CarParkId; Type: INDEX; Schema: public; Owner: -
--

CREATE INDEX "IX_Ticket_CarParkId" ON public."Ticket" USING btree ("CarParkId");


--
-- TOC entry 3801 (class 1259 OID 18460)
-- Name: IX_Ticket_StartTime_PlateNumber_Status; Type: INDEX; Schema: public; Owner: -
--

CREATE INDEX "IX_Ticket_StartTime_PlateNumber_Status" ON public."Ticket" USING btree ("StartTime", "PlateNumber", "Status");


--
-- TOC entry 3804 (class 1259 OID 18461)
-- Name: IX_Transaction_AccountId; Type: INDEX; Schema: public; Owner: -
--

CREATE INDEX "IX_Transaction_AccountId" ON public."Transaction" USING btree ("AccountId");


--
-- TOC entry 3805 (class 1259 OID 18526)
-- Name: IX_Transaction_TicketId; Type: INDEX; Schema: public; Owner: -
--

CREATE INDEX "IX_Transaction_TicketId" ON public."Transaction" USING btree ("TicketId");


--
-- TOC entry 3814 (class 2606 OID 18348)
-- Name: Account FK_Account_CarPark_CarParkId; Type: FK CONSTRAINT; Schema: public; Owner: -
--

ALTER TABLE ONLY public."Account"
    ADD CONSTRAINT "FK_Account_CarPark_CarParkId" FOREIGN KEY ("CarParkId") REFERENCES public."CarPark"("Id");


--
-- TOC entry 3815 (class 2606 OID 18353)
-- Name: Account FK_Account_Role_RoleId; Type: FK CONSTRAINT; Schema: public; Owner: -
--

ALTER TABLE ONLY public."Account"
    ADD CONSTRAINT "FK_Account_Role_RoleId" FOREIGN KEY ("RoleId") REFERENCES public."Role"("Id") ON DELETE CASCADE;


--
-- TOC entry 3817 (class 2606 OID 18382)
-- Name: Feedback FK_Feedback_Account_AccountId; Type: FK CONSTRAINT; Schema: public; Owner: -
--

ALTER TABLE ONLY public."Feedback"
    ADD CONSTRAINT "FK_Feedback_Account_AccountId" FOREIGN KEY ("AccountId") REFERENCES public."Account"("Id") ON DELETE CASCADE;


--
-- TOC entry 3818 (class 2606 OID 18395)
-- Name: LicensePlate FK_LicensePlate_Account_AccountId; Type: FK CONSTRAINT; Schema: public; Owner: -
--

ALTER TABLE ONLY public."LicensePlate"
    ADD CONSTRAINT "FK_LicensePlate_Account_AccountId" FOREIGN KEY ("AccountId") REFERENCES public."Account"("Id") ON DELETE CASCADE;


--
-- TOC entry 3825 (class 2606 OID 18483)
-- Name: Parking FK_Parking_Account_AccountId; Type: FK CONSTRAINT; Schema: public; Owner: -
--

ALTER TABLE ONLY public."Parking"
    ADD CONSTRAINT "FK_Parking_Account_AccountId" FOREIGN KEY ("AccountId") REFERENCES public."Account"("Id") ON DELETE CASCADE;


--
-- TOC entry 3826 (class 2606 OID 18488)
-- Name: Parking FK_Parking_CarPark_CarParkId; Type: FK CONSTRAINT; Schema: public; Owner: -
--

ALTER TABLE ONLY public."Parking"
    ADD CONSTRAINT "FK_Parking_CarPark_CarParkId" FOREIGN KEY ("CarParkId") REFERENCES public."CarPark"("Id") ON DELETE CASCADE;


--
-- TOC entry 3816 (class 2606 OID 18368)
-- Name: PriceTableDetail FK_PriceTableDetail_PriceTable_CarParkId; Type: FK CONSTRAINT; Schema: public; Owner: -
--

ALTER TABLE ONLY public."PriceTableDetail"
    ADD CONSTRAINT "FK_PriceTableDetail_PriceTable_CarParkId" FOREIGN KEY ("CarParkId") REFERENCES public."PriceTable"("CarParkId") ON DELETE CASCADE;


--
-- TOC entry 3813 (class 2606 OID 18334)
-- Name: PriceTable FK_PriceTable_CarPark_CarParkId; Type: FK CONSTRAINT; Schema: public; Owner: -
--

ALTER TABLE ONLY public."PriceTable"
    ADD CONSTRAINT "FK_PriceTable_CarPark_CarParkId" FOREIGN KEY ("CarParkId") REFERENCES public."CarPark"("Id") ON DELETE CASCADE;


--
-- TOC entry 3819 (class 2606 OID 18408)
-- Name: Ticket FK_Ticket_Account_AccountId; Type: FK CONSTRAINT; Schema: public; Owner: -
--

ALTER TABLE ONLY public."Ticket"
    ADD CONSTRAINT "FK_Ticket_Account_AccountId" FOREIGN KEY ("AccountId") REFERENCES public."Account"("Id") ON DELETE CASCADE;


--
-- TOC entry 3820 (class 2606 OID 18413)
-- Name: Ticket FK_Ticket_Account_CancellerAccountId; Type: FK CONSTRAINT; Schema: public; Owner: -
--

ALTER TABLE ONLY public."Ticket"
    ADD CONSTRAINT "FK_Ticket_Account_CancellerAccountId" FOREIGN KEY ("CancellerAccountId") REFERENCES public."Account"("Id");


--
-- TOC entry 3821 (class 2606 OID 18418)
-- Name: Ticket FK_Ticket_CarPark_CarParkId; Type: FK CONSTRAINT; Schema: public; Owner: -
--

ALTER TABLE ONLY public."Ticket"
    ADD CONSTRAINT "FK_Ticket_CarPark_CarParkId" FOREIGN KEY ("CarParkId") REFERENCES public."CarPark"("Id") ON DELETE CASCADE;


--
-- TOC entry 3822 (class 2606 OID 18432)
-- Name: Transaction FK_Transaction_Account_AccountId; Type: FK CONSTRAINT; Schema: public; Owner: -
--

ALTER TABLE ONLY public."Transaction"
    ADD CONSTRAINT "FK_Transaction_Account_AccountId" FOREIGN KEY ("AccountId") REFERENCES public."Account"("Id") ON DELETE CASCADE;


--
-- TOC entry 3823 (class 2606 OID 18527)
-- Name: Transaction FK_Transaction_Ticket_TicketId; Type: FK CONSTRAINT; Schema: public; Owner: -
--

ALTER TABLE ONLY public."Transaction"
    ADD CONSTRAINT "FK_Transaction_Ticket_TicketId" FOREIGN KEY ("TicketId") REFERENCES public."Ticket"("Id");


--
-- TOC entry 3824 (class 2606 OID 18445)
-- Name: UserInfo FK_UserInfo_Account_Id; Type: FK CONSTRAINT; Schema: public; Owner: -
--

ALTER TABLE ONLY public."UserInfo"
    ADD CONSTRAINT "FK_UserInfo_Account_Id" FOREIGN KEY ("Id") REFERENCES public."Account"("Id") ON DELETE CASCADE;


-- Completed on 2022-12-09 15:10:37

--
-- PostgreSQL database dump complete
--

